method,accuracy,precision_macro,recall_macro,macro_f1
cnn_segment_classifier,0.9408695652173913,0.9453642580889101,0.9427961662243924,0.9428303633502565
