method,mae,mse,rmse,ade,fde
lstm_baseline,36.078407287597656,2085.3681640625,45.66583147236564,71.98477935791016,74.76675415039062
lstm_class_aware,36.20032501220703,2090.515625,45.722156827953775,72.08995056152344,74.47908782958984
