method,ari,nmi,purity,cluster_accuracy,macro_f1,noise_ratio,silhouette
handcrafted_hdbscan,0.2774079756845407,0.6168766940101591,0.47,0.47,0.4021941914333115,0.179,
resnet_kmeans,0.7471605162354902,0.8450507590284991,0.826,0.826,0.8298376419130586,0.0,0.5552569627761841
resnet_hdbscan,0.7313300476348559,0.8705161139772948,0.763,0.73,0.6767780195020543,0.049,0.6362418532371521
